,0,1,2,3,4,5,6,7,8,9,10,11,12,13
0,fruit,checkout,,,,,,,,,,,,
1,spices,fruit,checkout,,,,,,,,,,,
2,drinks,checkout,,,,,,,,,,,,
3,dairy,checkout,,,,,,,,,,,,
4,spices,drinks,checkout,,,,,,,,,,,
5,spices,fruit,checkout,,,,,,,,,,,
6,spices,fruit,checkout,,,,,,,,,,,
7,dairy,drinks,checkout,,,,,,,,,,,
8,spices,drinks,checkout,,,,,,,,,,,
9,fruit,drinks,fruit,dairy,drinks,checkout,,,,,,,,
10,drinks,fruit,checkout,,,,,,,,,,,
11,drinks,checkout,,,,,,,,,,,,
12,dairy,fruit,checkout,,,,,,,,,,,
13,drinks,fruit,checkout,,,,,,,,,,,
14,fruit,dairy,fruit,drinks,checkout,,,,,,,,,
15,fruit,dairy,spices,drinks,checkout,,,,,,,,,
16,drinks,checkout,,,,,,,,,,,,
17,spices,fruit,dairy,checkout,,,,,,,,,,
18,spices,drinks,fruit,dairy,checkout,,,,,,,,,
19,dairy,checkout,,,,,,,,,,,,
20,drinks,checkout,,,,,,,,,,,,
21,fruit,checkout,,,,,,,,,,,,
22,spices,checkout,,,,,,,,,,,,
23,drinks,checkout,,,,,,,,,,,,
24,spices,drinks,checkout,,,,,,,,,,,
25,dairy,checkout,,,,,,,,,,,,
26,dairy,drinks,fruit,dairy,drinks,fruit,checkout,,,,,,,
27,drinks,checkout,,,,,,,,,,,,
28,drinks,checkout,,,,,,,,,,,,
29,dairy,checkout,,,,,,,,,,,,
30,dairy,spices,drinks,checkout,,,,,,,,,,
31,spices,drinks,spices,fruit,dairy,fruit,dairy,checkout,,,,,,
32,fruit,dairy,checkout,,,,,,,,,,,
33,spices,dairy,checkout,,,,,,,,,,,
34,fruit,checkout,,,,,,,,,,,,
35,fruit,checkout,,,,,,,,,,,,
36,fruit,drinks,fruit,dairy,fruit,dairy,drinks,spices,drinks,checkout,,,,
37,fruit,checkout,,,,,,,,,,,,
38,dairy,checkout,,,,,,,,,,,,
39,fruit,checkout,,,,,,,,,,,,
40,fruit,drinks,fruit,checkout,,,,,,,,,,
41,fruit,checkout,,,,,,,,,,,,
42,fruit,checkout,,,,,,,,,,,,
43,dairy,checkout,,,,,,,,,,,,
44,drinks,checkout,,,,,,,,,,,,
45,spices,fruit,dairy,drinks,checkout,,,,,,,,,
46,dairy,fruit,checkout,,,,,,,,,,,
47,drinks,checkout,,,,,,,,,,,,
48,fruit,dairy,drinks,fruit,dairy,checkout,,,,,,,,
49,dairy,spices,checkout,,,,,,,,,,,
50,dairy,checkout,,,,,,,,,,,,
51,dairy,checkout,,,,,,,,,,,,
52,drinks,fruit,dairy,checkout,,,,,,,,,,
53,fruit,checkout,,,,,,,,,,,,
54,fruit,drinks,checkout,,,,,,,,,,,
55,dairy,drinks,checkout,,,,,,,,,,,
56,fruit,checkout,,,,,,,,,,,,
57,drinks,fruit,checkout,,,,,,,,,,,
58,fruit,drinks,fruit,checkout,,,,,,,,,,
59,spices,fruit,dairy,fruit,checkout,,,,,,,,,
60,drinks,checkout,,,,,,,,,,,,
61,drinks,checkout,,,,,,,,,,,,
62,drinks,checkout,,,,,,,,,,,,
63,spices,fruit,drinks,checkout,,,,,,,,,,
64,spices,drinks,checkout,,,,,,,,,,,
65,dairy,drinks,checkout,,,,,,,,,,,
66,spices,dairy,checkout,,,,,,,,,,,
67,fruit,checkout,,,,,,,,,,,,
68,dairy,checkout,,,,,,,,,,,,
69,spices,checkout,,,,,,,,,,,,
70,dairy,fruit,drinks,spices,drinks,checkout,,,,,,,,
71,fruit,drinks,fruit,checkout,,,,,,,,,,
72,drinks,fruit,dairy,drinks,fruit,drinks,checkout,,,,,,,
73,dairy,fruit,checkout,,,,,,,,,,,
74,spices,drinks,checkout,,,,,,,,,,,
75,dairy,spices,checkout,,,,,,,,,,,
76,fruit,checkout,,,,,,,,,,,,
77,fruit,checkout,,,,,,,,,,,,
78,dairy,drinks,checkout,,,,,,,,,,,
79,drinks,spices,drinks,fruit,checkout,,,,,,,,,
80,drinks,fruit,checkout,,,,,,,,,,,
81,drinks,fruit,checkout,,,,,,,,,,,
82,dairy,checkout,,,,,,,,,,,,
83,drinks,checkout,,,,,,,,,,,,
84,dairy,checkout,,,,,,,,,,,,
85,drinks,checkout,,,,,,,,,,,,
86,dairy,checkout,,,,,,,,,,,,
87,spices,fruit,checkout,,,,,,,,,,,
88,dairy,drinks,checkout,,,,,,,,,,,
89,fruit,checkout,,,,,,,,,,,,
90,dairy,checkout,,,,,,,,,,,,
91,fruit,checkout,,,,,,,,,,,,
92,spices,drinks,spices,drinks,checkout,,,,,,,,,
93,spices,fruit,checkout,,,,,,,,,,,
94,spices,fruit,dairy,drinks,spices,drinks,checkout,,,,,,,
95,dairy,checkout,,,,,,,,,,,,
96,drinks,checkout,,,,,,,,,,,,
97,dairy,fruit,spices,checkout,,,,,,,,,,
98,fruit,checkout,,,,,,,,,,,,
99,dairy,fruit,dairy,fruit,drinks,checkout,,,,,,,,
100,drinks,fruit,dairy,checkout,,,,,,,,,,
101,fruit,checkout,,,,,,,,,,,,
102,fruit,checkout,,,,,,,,,,,,
103,dairy,drinks,checkout,,,,,,,,,,,
104,drinks,checkout,,,,,,,,,,,,
105,drinks,checkout,,,,,,,,,,,,
106,fruit,dairy,drinks,checkout,,,,,,,,,,
107,fruit,checkout,,,,,,,,,,,,
108,spices,drinks,checkout,,,,,,,,,,,
109,spices,fruit,checkout,,,,,,,,,,,
110,spices,fruit,checkout,,,,,,,,,,,
111,spices,fruit,drinks,checkout,,,,,,,,,,
112,drinks,spices,checkout,,,,,,,,,,,
113,drinks,checkout,,,,,,,,,,,,
114,fruit,spices,dairy,drinks,checkout,,,,,,,,,
115,drinks,fruit,checkout,,,,,,,,,,,
116,dairy,drinks,checkout,,,,,,,,,,,
117,spices,drinks,fruit,checkout,,,,,,,,,,
118,dairy,fruit,dairy,drinks,fruit,checkout,,,,,,,,
119,spices,checkout,,,,,,,,,,,,
120,drinks,checkout,,,,,,,,,,,,
121,drinks,checkout,,,,,,,,,,,,
122,spices,checkout,,,,,,,,,,,,
123,dairy,checkout,,,,,,,,,,,,
124,spices,fruit,spices,drinks,fruit,dairy,checkout,,,,,,,
125,spices,fruit,checkout,,,,,,,,,,,
126,spices,fruit,checkout,,,,,,,,,,,
127,drinks,checkout,,,,,,,,,,,,
128,fruit,drinks,fruit,dairy,checkout,,,,,,,,,
129,fruit,dairy,checkout,,,,,,,,,,,
130,drinks,fruit,dairy,drinks,checkout,,,,,,,,,
131,dairy,drinks,checkout,,,,,,,,,,,
132,dairy,fruit,drinks,checkout,,,,,,,,,,
133,fruit,checkout,,,,,,,,,,,,
134,drinks,spices,fruit,checkout,,,,,,,,,,
135,fruit,drinks,checkout,,,,,,,,,,,
136,fruit,dairy,fruit,drinks,fruit,spices,fruit,checkout,,,,,,
137,fruit,drinks,fruit,dairy,checkout,,,,,,,,,
138,dairy,drinks,checkout,,,,,,,,,,,
139,drinks,checkout,,,,,,,,,,,,
140,dairy,checkout,,,,,,,,,,,,
141,spices,drinks,checkout,,,,,,,,,,,
142,drinks,spices,checkout,,,,,,,,,,,
143,dairy,fruit,spices,fruit,checkout,,,,,,,,,
144,fruit,dairy,drinks,checkout,,,,,,,,,,
145,fruit,checkout,,,,,,,,,,,,
146,spices,checkout,,,,,,,,,,,,
147,dairy,drinks,fruit,spices,drinks,checkout,,,,,,,,
148,spices,checkout,,,,,,,,,,,,
149,spices,fruit,checkout,,,,,,,,,,,
150,dairy,drinks,checkout,,,,,,,,,,,
151,dairy,checkout,,,,,,,,,,,,
152,dairy,drinks,checkout,,,,,,,,,,,
153,drinks,spices,fruit,checkout,,,,,,,,,,
154,spices,dairy,checkout,,,,,,,,,,,
155,spices,dairy,spices,fruit,checkout,,,,,,,,,
156,dairy,spices,fruit,drinks,fruit,spices,fruit,drinks,checkout,,,,,
157,fruit,checkout,,,,,,,,,,,,
158,drinks,fruit,spices,drinks,checkout,,,,,,,,,
159,fruit,checkout,,,,,,,,,,,,
160,dairy,checkout,,,,,,,,,,,,
161,dairy,fruit,spices,drinks,checkout,,,,,,,,,
162,drinks,fruit,checkout,,,,,,,,,,,
163,fruit,drinks,checkout,,,,,,,,,,,
164,dairy,drinks,fruit,dairy,checkout,,,,,,,,,
165,fruit,spices,fruit,spices,fruit,checkout,,,,,,,,
166,fruit,drinks,checkout,,,,,,,,,,,
167,dairy,checkout,,,,,,,,,,,,
168,dairy,drinks,fruit,checkout,,,,,,,,,,
169,spices,fruit,drinks,checkout,,,,,,,,,,
170,fruit,drinks,checkout,,,,,,,,,,,
171,dairy,fruit,drinks,checkout,,,,,,,,,,
172,drinks,checkout,,,,,,,,,,,,
173,fruit,checkout,,,,,,,,,,,,
174,drinks,fruit,dairy,spices,checkout,,,,,,,,,
175,spices,drinks,checkout,,,,,,,,,,,
176,fruit,dairy,checkout,,,,,,,,,,,
177,drinks,checkout,,,,,,,,,,,,
178,dairy,drinks,spices,fruit,checkout,,,,,,,,,
179,fruit,checkout,,,,,,,,,,,,
180,drinks,checkout,,,,,,,,,,,,
181,drinks,checkout,,,,,,,,,,,,
182,dairy,drinks,checkout,,,,,,,,,,,
183,drinks,checkout,,,,,,,,,,,,
184,spices,fruit,dairy,checkout,,,,,,,,,,
185,drinks,checkout,,,,,,,,,,,,
186,drinks,fruit,drinks,fruit,checkout,,,,,,,,,
187,dairy,checkout,,,,,,,,,,,,
188,dairy,drinks,fruit,checkout,,,,,,,,,,
189,drinks,checkout,,,,,,,,,,,,
190,drinks,fruit,checkout,,,,,,,,,,,
191,spices,dairy,fruit,dairy,fruit,checkout,,,,,,,,
192,fruit,checkout,,,,,,,,,,,,
193,fruit,dairy,drinks,fruit,checkout,,,,,,,,,
194,spices,checkout,,,,,,,,,,,,
195,drinks,checkout,,,,,,,,,,,,
196,spices,checkout,,,,,,,,,,,,
197,spices,drinks,fruit,checkout,,,,,,,,,,
198,dairy,fruit,dairy,spices,dairy,drinks,checkout,,,,,,,
199,spices,drinks,fruit,checkout,,,,,,,,,,
200,spices,fruit,checkout,,,,,,,,,,,
201,dairy,drinks,checkout,,,,,,,,,,,
202,dairy,drinks,fruit,checkout,,,,,,,,,,
203,fruit,drinks,fruit,checkout,,,,,,,,,,
204,drinks,checkout,,,,,,,,,,,,
205,dairy,spices,drinks,checkout,,,,,,,,,,
206,fruit,drinks,fruit,checkout,,,,,,,,,,
207,drinks,checkout,,,,,,,,,,,,
208,spices,dairy,drinks,fruit,checkout,,,,,,,,,
209,fruit,dairy,spices,checkout,,,,,,,,,,
210,fruit,drinks,fruit,checkout,,,,,,,,,,
211,dairy,fruit,checkout,,,,,,,,,,,
212,drinks,fruit,checkout,,,,,,,,,,,
213,dairy,checkout,,,,,,,,,,,,
214,spices,fruit,drinks,checkout,,,,,,,,,,
215,dairy,checkout,,,,,,,,,,,,
216,dairy,drinks,checkout,,,,,,,,,,,
217,dairy,checkout,,,,,,,,,,,,
218,spices,drinks,checkout,,,,,,,,,,,
219,spices,fruit,checkout,,,,,,,,,,,
220,drinks,checkout,,,,,,,,,,,,
221,drinks,fruit,checkout,,,,,,,,,,,
222,spices,fruit,checkout,,,,,,,,,,,
223,dairy,drinks,checkout,,,,,,,,,,,
224,dairy,checkout,,,,,,,,,,,,
225,dairy,drinks,fruit,checkout,,,,,,,,,,
226,fruit,checkout,,,,,,,,,,,,
227,drinks,checkout,,,,,,,,,,,,
228,dairy,checkout,,,,,,,,,,,,
229,spices,fruit,drinks,checkout,,,,,,,,,,
230,dairy,checkout,,,,,,,,,,,,
231,dairy,drinks,spices,dairy,checkout,,,,,,,,,
232,fruit,drinks,checkout,,,,,,,,,,,
233,spices,drinks,checkout,,,,,,,,,,,
234,spices,fruit,dairy,spices,fruit,checkout,,,,,,,,
235,fruit,spices,drinks,checkout,,,,,,,,,,
236,dairy,drinks,checkout,,,,,,,,,,,
237,fruit,dairy,checkout,,,,,,,,,,,
238,spices,drinks,checkout,,,,,,,,,,,
239,dairy,checkout,,,,,,,,,,,,
240,dairy,fruit,checkout,,,,,,,,,,,
241,drinks,checkout,,,,,,,,,,,,
242,dairy,checkout,,,,,,,,,,,,
243,drinks,checkout,,,,,,,,,,,,
244,spices,drinks,checkout,,,,,,,,,,,
245,fruit,checkout,,,,,,,,,,,,
246,dairy,drinks,checkout,,,,,,,,,,,
247,drinks,fruit,drinks,checkout,,,,,,,,,,
248,drinks,fruit,checkout,,,,,,,,,,,
249,fruit,dairy,checkout,,,,,,,,,,,
250,spices,drinks,checkout,,,,,,,,,,,
251,dairy,checkout,,,,,,,,,,,,
252,dairy,spices,checkout,,,,,,,,,,,
253,dairy,fruit,checkout,,,,,,,,,,,
254,dairy,spices,dairy,checkout,,,,,,,,,,
255,dairy,checkout,,,,,,,,,,,,
256,dairy,drinks,fruit,dairy,drinks,checkout,,,,,,,,
257,dairy,checkout,,,,,,,,,,,,
258,drinks,fruit,spices,fruit,checkout,,,,,,,,,
259,drinks,checkout,,,,,,,,,,,,
260,spices,drinks,fruit,dairy,drinks,checkout,,,,,,,,
261,dairy,fruit,spices,dairy,checkout,,,,,,,,,
262,drinks,spices,fruit,checkout,,,,,,,,,,
263,drinks,checkout,,,,,,,,,,,,
264,spices,checkout,,,,,,,,,,,,
265,dairy,checkout,,,,,,,,,,,,
266,fruit,checkout,,,,,,,,,,,,
267,drinks,spices,fruit,dairy,checkout,,,,,,,,,
268,dairy,checkout,,,,,,,,,,,,
269,drinks,checkout,,,,,,,,,,,,
270,dairy,drinks,checkout,,,,,,,,,,,
271,spices,fruit,drinks,checkout,,,,,,,,,,
272,fruit,dairy,checkout,,,,,,,,,,,
273,dairy,checkout,,,,,,,,,,,,
274,fruit,checkout,,,,,,,,,,,,
275,drinks,checkout,,,,,,,,,,,,
276,dairy,fruit,checkout,,,,,,,,,,,
277,dairy,checkout,,,,,,,,,,,,
278,spices,drinks,checkout,,,,,,,,,,,
279,fruit,checkout,,,,,,,,,,,,
280,spices,dairy,drinks,spices,fruit,drinks,spices,drinks,checkout,,,,,
281,fruit,checkout,,,,,,,,,,,,
282,spices,checkout,,,,,,,,,,,,
283,drinks,fruit,dairy,checkout,,,,,,,,,,
284,drinks,checkout,,,,,,,,,,,,
285,drinks,checkout,,,,,,,,,,,,
286,spices,dairy,fruit,dairy,drinks,checkout,,,,,,,,
287,fruit,dairy,drinks,spices,dairy,drinks,spices,drinks,fruit,dairy,drinks,fruit,dairy,checkout
288,fruit,checkout,,,,,,,,,,,,
289,fruit,drinks,checkout,,,,,,,,,,,
290,fruit,checkout,,,,,,,,,,,,
291,spices,drinks,checkout,,,,,,,,,,,
292,dairy,checkout,,,,,,,,,,,,
293,dairy,checkout,,,,,,,,,,,,
294,spices,drinks,checkout,,,,,,,,,,,
295,drinks,checkout,,,,,,,,,,,,
296,dairy,drinks,checkout,,,,,,,,,,,
297,drinks,fruit,dairy,checkout,,,,,,,,,,
298,drinks,fruit,checkout,,,,,,,,,,,
299,spices,fruit,spices,fruit,spices,drinks,checkout,,,,,,,
300,drinks,checkout,,,,,,,,,,,,
301,spices,dairy,spices,fruit,checkout,,,,,,,,,
302,dairy,drinks,fruit,drinks,checkout,,,,,,,,,
303,drinks,checkout,,,,,,,,,,,,
304,drinks,checkout,,,,,,,,,,,,
305,spices,fruit,drinks,checkout,,,,,,,,,,
306,drinks,fruit,dairy,checkout,,,,,,,,,,
307,fruit,dairy,checkout,,,,,,,,,,,
308,fruit,checkout,,,,,,,,,,,,
309,spices,drinks,fruit,drinks,checkout,,,,,,,,,
310,spices,dairy,checkout,,,,,,,,,,,
311,dairy,drinks,checkout,,,,,,,,,,,
312,drinks,checkout,,,,,,,,,,,,
313,spices,checkout,,,,,,,,,,,,
314,dairy,fruit,checkout,,,,,,,,,,,
315,dairy,drinks,spices,checkout,,,,,,,,,,
316,spices,fruit,dairy,checkout,,,,,,,,,,
317,drinks,checkout,,,,,,,,,,,,
318,dairy,checkout,,,,,,,,,,,,
319,drinks,checkout,,,,,,,,,,,,
320,spices,fruit,spices,drinks,checkout,,,,,,,,,
321,drinks,checkout,,,,,,,,,,,,
322,dairy,checkout,,,,,,,,,,,,
323,fruit,checkout,,,,,,,,,,,,
324,spices,checkout,,,,,,,,,,,,
325,fruit,checkout,,,,,,,,,,,,
326,dairy,drinks,checkout,,,,,,,,,,,
327,dairy,checkout,,,,,,,,,,,,
328,dairy,drinks,fruit,drinks,checkout,,,,,,,,,
329,drinks,fruit,checkout,,,,,,,,,,,
330,spices,checkout,,,,,,,,,,,,
331,dairy,checkout,,,,,,,,,,,,
332,dairy,drinks,checkout,,,,,,,,,,,
333,fruit,dairy,drinks,checkout,,,,,,,,,,
334,drinks,checkout,,,,,,,,,,,,
335,drinks,checkout,,,,,,,,,,,,
336,spices,drinks,checkout,,,,,,,,,,,
337,drinks,fruit,drinks,checkout,,,,,,,,,,
338,drinks,checkout,,,,,,,,,,,,
339,drinks,checkout,,,,,,,,,,,,
340,spices,drinks,spices,drinks,fruit,checkout,,,,,,,,
341,dairy,checkout,,,,,,,,,,,,
342,spices,fruit,checkout,,,,,,,,,,,
343,drinks,checkout,,,,,,,,,,,,
344,drinks,checkout,,,,,,,,,,,,
345,fruit,checkout,,,,,,,,,,,,
346,dairy,fruit,checkout,,,,,,,,,,,
347,spices,fruit,checkout,,,,,,,,,,,
348,fruit,checkout,,,,,,,,,,,,
349,dairy,fruit,dairy,checkout,,,,,,,,,,
350,fruit,checkout,,,,,,,,,,,,
351,fruit,checkout,,,,,,,,,,,,
352,fruit,dairy,checkout,,,,,,,,,,,
353,spices,drinks,fruit,checkout,,,,,,,,,,
354,dairy,drinks,fruit,dairy,drinks,checkout,,,,,,,,
355,drinks,checkout,,,,,,,,,,,,
356,spices,drinks,fruit,dairy,fruit,drinks,fruit,checkout,,,,,,
357,fruit,checkout,,,,,,,,,,,,
358,drinks,fruit,dairy,spices,drinks,fruit,checkout,,,,,,,
359,drinks,checkout,,,,,,,,,,,,
360,spices,fruit,checkout,,,,,,,,,,,
361,fruit,spices,drinks,fruit,checkout,,,,,,,,,
362,spices,fruit,dairy,checkout,,,,,,,,,,
363,spices,fruit,checkout,,,,,,,,,,,
364,spices,fruit,dairy,spices,drinks,checkout,,,,,,,,
365,drinks,fruit,drinks,checkout,,,,,,,,,,
366,dairy,checkout,,,,,,,,,,,,
367,dairy,drinks,fruit,checkout,,,,,,,,,,
368,fruit,checkout,,,,,,,,,,,,
369,spices,drinks,checkout,,,,,,,,,,,
370,spices,drinks,checkout,,,,,,,,,,,
371,fruit,checkout,,,,,,,,,,,,
372,fruit,dairy,checkout,,,,,,,,,,,
373,spices,fruit,spices,fruit,checkout,,,,,,,,,
374,fruit,checkout,,,,,,,,,,,,
375,spices,checkout,,,,,,,,,,,,
376,spices,drinks,checkout,,,,,,,,,,,
377,dairy,fruit,spices,drinks,checkout,,,,,,,,,
378,spices,drinks,checkout,,,,,,,,,,,
379,spices,drinks,checkout,,,,,,,,,,,
380,fruit,checkout,,,,,,,,,,,,
381,drinks,checkout,,,,,,,,,,,,
382,fruit,checkout,,,,,,,,,,,,
383,spices,drinks,checkout,,,,,,,,,,,
384,fruit,checkout,,,,,,,,,,,,
385,drinks,checkout,,,,,,,,,,,,
386,dairy,spices,fruit,dairy,checkout,,,,,,,,,
387,drinks,checkout,,,,,,,,,,,,
388,drinks,checkout,,,,,,,,,,,,
389,fruit,checkout,,,,,,,,,,,,
390,dairy,drinks,fruit,drinks,fruit,checkout,,,,,,,,
391,fruit,dairy,drinks,checkout,,,,,,,,,,
392,fruit,dairy,checkout,,,,,,,,,,,
393,spices,drinks,fruit,drinks,checkout,,,,,,,,,
394,spices,drinks,checkout,,,,,,,,,,,
395,spices,dairy,checkout,,,,,,,,,,,
396,drinks,checkout,,,,,,,,,,,,
397,fruit,drinks,fruit,checkout,,,,,,,,,,
398,drinks,checkout,,,,,,,,,,,,
399,fruit,dairy,checkout,,,,,,,,,,,
400,dairy,checkout,,,,,,,,,,,,
401,dairy,spices,fruit,checkout,,,,,,,,,,
402,fruit,checkout,,,,,,,,,,,,
403,drinks,checkout,,,,,,,,,,,,
404,fruit,dairy,drinks,checkout,,,,,,,,,,
405,drinks,fruit,drinks,checkout,,,,,,,,,,
406,fruit,checkout,,,,,,,,,,,,
407,fruit,dairy,checkout,,,,,,,,,,,
408,dairy,checkout,,,,,,,,,,,,
409,drinks,checkout,,,,,,,,,,,,
410,drinks,checkout,,,,,,,,,,,,
411,drinks,spices,drinks,checkout,,,,,,,,,,
412,drinks,fruit,dairy,drinks,spices,fruit,drinks,checkout,,,,,,
413,dairy,checkout,,,,,,,,,,,,
414,drinks,checkout,,,,,,,,,,,,
415,fruit,checkout,,,,,,,,,,,,
416,fruit,checkout,,,,,,,,,,,,
417,drinks,fruit,dairy,checkout,,,,,,,,,,
418,fruit,checkout,,,,,,,,,,,,
419,dairy,fruit,checkout,,,,,,,,,,,
420,dairy,checkout,,,,,,,,,,,,
421,dairy,checkout,,,,,,,,,,,,
422,fruit,dairy,checkout,,,,,,,,,,,
423,spices,checkout,,,,,,,,,,,,
424,dairy,fruit,checkout,,,,,,,,,,,
425,fruit,checkout,,,,,,,,,,,,
426,dairy,spices,fruit,dairy,drinks,fruit,checkout,,,,,,,
427,fruit,dairy,drinks,fruit,dairy,checkout,,,,,,,,
428,fruit,checkout,,,,,,,,,,,,
429,dairy,spices,fruit,checkout,,,,,,,,,,
430,dairy,fruit,checkout,,,,,,,,,,,
431,dairy,drinks,fruit,checkout,,,,,,,,,,
432,spices,checkout,,,,,,,,,,,,
433,fruit,checkout,,,,,,,,,,,,
434,spices,drinks,checkout,,,,,,,,,,,
435,dairy,spices,fruit,dairy,spices,drinks,checkout,,,,,,,
436,spices,dairy,fruit,checkout,,,,,,,,,,
437,dairy,fruit,checkout,,,,,,,,,,,
438,dairy,drinks,checkout,,,,,,,,,,,
439,drinks,checkout,,,,,,,,,,,,
440,dairy,drinks,fruit,checkout,,,,,,,,,,
441,fruit,spices,fruit,drinks,checkout,,,,,,,,,
442,drinks,checkout,,,,,,,,,,,,
443,dairy,drinks,checkout,,,,,,,,,,,
444,drinks,fruit,checkout,,,,,,,,,,,
445,dairy,checkout,,,,,,,,,,,,
446,fruit,checkout,,,,,,,,,,,,
447,spices,checkout,,,,,,,,,,,,
448,fruit,dairy,checkout,,,,,,,,,,,
449,dairy,spices,drinks,checkout,,,,,,,,,,
450,drinks,checkout,,,,,,,,,,,,
451,spices,fruit,checkout,,,,,,,,,,,
452,dairy,spices,fruit,drinks,fruit,checkout,,,,,,,,
453,drinks,checkout,,,,,,,,,,,,
454,spices,drinks,spices,drinks,checkout,,,,,,,,,
455,fruit,dairy,drinks,spices,drinks,fruit,checkout,,,,,,,
456,spices,fruit,checkout,,,,,,,,,,,
457,drinks,fruit,dairy,spices,drinks,fruit,checkout,,,,,,,
458,dairy,drinks,checkout,,,,,,,,,,,
459,dairy,fruit,drinks,fruit,dairy,fruit,dairy,checkout,,,,,,
460,fruit,dairy,checkout,,,,,,,,,,,
461,spices,drinks,checkout,,,,,,,,,,,
462,dairy,checkout,,,,,,,,,,,,
463,dairy,drinks,checkout,,,,,,,,,,,
464,spices,dairy,fruit,checkout,,,,,,,,,,
465,fruit,dairy,drinks,checkout,,,,,,,,,,
466,spices,dairy,checkout,,,,,,,,,,,
467,dairy,checkout,,,,,,,,,,,,
468,dairy,drinks,fruit,checkout,,,,,,,,,,
469,dairy,drinks,spices,fruit,checkout,,,,,,,,,
470,drinks,fruit,checkout,,,,,,,,,,,
471,fruit,spices,fruit,checkout,,,,,,,,,,
472,spices,fruit,checkout,,,,,,,,,,,
473,fruit,checkout,,,,,,,,,,,,
474,fruit,checkout,,,,,,,,,,,,
475,dairy,checkout,,,,,,,,,,,,
476,spices,drinks,spices,fruit,dairy,drinks,fruit,dairy,checkout,,,,,
477,dairy,fruit,checkout,,,,,,,,,,,
478,fruit,checkout,,,,,,,,,,,,
479,spices,checkout,,,,,,,,,,,,
480,fruit,spices,drinks,checkout,,,,,,,,,,
481,drinks,fruit,dairy,drinks,checkout,,,,,,,,,
482,spices,drinks,fruit,dairy,checkout,,,,,,,,,
483,drinks,checkout,,,,,,,,,,,,
484,drinks,fruit,spices,fruit,drinks,checkout,,,,,,,,
485,drinks,checkout,,,,,,,,,,,,
486,dairy,checkout,,,,,,,,,,,,
487,fruit,drinks,checkout,,,,,,,,,,,
488,fruit,checkout,,,,,,,,,,,,
489,fruit,dairy,checkout,,,,,,,,,,,
490,fruit,checkout,,,,,,,,,,,,
491,fruit,checkout,,,,,,,,,,,,
492,drinks,checkout,,,,,,,,,,,,
493,fruit,dairy,drinks,fruit,checkout,,,,,,,,,
494,fruit,checkout,,,,,,,,,,,,
495,dairy,checkout,,,,,,,,,,,,
496,spices,drinks,checkout,,,,,,,,,,,
497,fruit,checkout,,,,,,,,,,,,
498,drinks,checkout,,,,,,,,,,,,
499,fruit,checkout,,,,,,,,,,,,
500,fruit,checkout,,,,,,,,,,,,
501,drinks,checkout,,,,,,,,,,,,
502,fruit,checkout,,,,,,,,,,,,
503,fruit,checkout,,,,,,,,,,,,
504,dairy,drinks,checkout,,,,,,,,,,,
505,dairy,spices,fruit,drinks,spices,fruit,dairy,checkout,,,,,,
506,fruit,dairy,drinks,fruit,checkout,,,,,,,,,
507,spices,drinks,checkout,,,,,,,,,,,
508,drinks,checkout,,,,,,,,,,,,
509,spices,dairy,fruit,dairy,spices,fruit,checkout,,,,,,,
510,drinks,fruit,drinks,checkout,,,,,,,,,,
511,dairy,drinks,fruit,checkout,,,,,,,,,,
512,drinks,spices,fruit,drinks,checkout,,,,,,,,,
513,spices,dairy,fruit,drinks,checkout,,,,,,,,,
514,drinks,fruit,checkout,,,,,,,,,,,
515,drinks,checkout,,,,,,,,,,,,
516,fruit,drinks,checkout,,,,,,,,,,,
517,dairy,checkout,,,,,,,,,,,,
518,fruit,checkout,,,,,,,,,,,,
519,fruit,dairy,checkout,,,,,,,,,,,
520,spices,drinks,spices,fruit,checkout,,,,,,,,,
521,fruit,dairy,spices,checkout,,,,,,,,,,
522,drinks,checkout,,,,,,,,,,,,
523,fruit,checkout,,,,,,,,,,,,
524,dairy,drinks,fruit,checkout,,,,,,,,,,
525,spices,drinks,checkout,,,,,,,,,,,
526,fruit,checkout,,,,,,,,,,,,
527,fruit,dairy,checkout,,,,,,,,,,,
528,fruit,dairy,drinks,checkout,,,,,,,,,,
529,drinks,checkout,,,,,,,,,,,,
530,dairy,fruit,checkout,,,,,,,,,,,
531,drinks,fruit,drinks,fruit,checkout,,,,,,,,,
532,drinks,checkout,,,,,,,,,,,,
533,fruit,checkout,,,,,,,,,,,,
534,fruit,dairy,drinks,fruit,checkout,,,,,,,,,
535,dairy,spices,drinks,fruit,dairy,drinks,checkout,,,,,,,
536,spices,drinks,fruit,drinks,spices,dairy,spices,fruit,dairy,drinks,checkout,,,
537,fruit,checkout,,,,,,,,,,,,
538,fruit,checkout,,,,,,,,,,,,
539,drinks,checkout,,,,,,,,,,,,
540,spices,fruit,checkout,,,,,,,,,,,
541,drinks,checkout,,,,,,,,,,,,
542,dairy,spices,dairy,drinks,spices,drinks,checkout,,,,,,,
543,spices,fruit,checkout,,,,,,,,,,,
544,fruit,dairy,drinks,fruit,checkout,,,,,,,,,
545,spices,fruit,drinks,checkout,,,,,,,,,,
546,dairy,drinks,spices,fruit,dairy,spices,drinks,spices,drinks,checkout,,,,
547,drinks,checkout,,,,,,,,,,,,
548,drinks,fruit,dairy,drinks,fruit,drinks,checkout,,,,,,,
549,spices,fruit,dairy,spices,fruit,checkout,,,,,,,,
550,dairy,checkout,,,,,,,,,,,,
551,fruit,checkout,,,,,,,,,,,,
552,fruit,checkout,,,,,,,,,,,,
553,spices,drinks,checkout,,,,,,,,,,,
554,spices,fruit,drinks,checkout,,,,,,,,,,
555,dairy,fruit,dairy,checkout,,,,,,,,,,
556,spices,drinks,fruit,checkout,,,,,,,,,,
557,fruit,checkout,,,,,,,,,,,,
558,spices,fruit,dairy,checkout,,,,,,,,,,
559,drinks,fruit,dairy,checkout,,,,,,,,,,
560,dairy,checkout,,,,,,,,,,,,
561,dairy,drinks,fruit,checkout,,,,,,,,,,
562,fruit,drinks,checkout,,,,,,,,,,,
563,dairy,fruit,checkout,,,,,,,,,,,
564,spices,dairy,drinks,checkout,,,,,,,,,,
565,fruit,checkout,,,,,,,,,,,,
566,fruit,checkout,,,,,,,,,,,,
567,dairy,checkout,,,,,,,,,,,,
568,dairy,drinks,checkout,,,,,,,,,,,
569,dairy,drinks,checkout,,,,,,,,,,,
570,dairy,checkout,,,,,,,,,,,,
571,spices,fruit,checkout,,,,,,,,,,,
572,spices,drinks,fruit,dairy,checkout,,,,,,,,,
573,spices,drinks,checkout,,,,,,,,,,,
574,fruit,spices,drinks,checkout,,,,,,,,,,
575,spices,fruit,checkout,,,,,,,,,,,
576,spices,dairy,drinks,fruit,checkout,,,,,,,,,
577,spices,dairy,drinks,checkout,,,,,,,,,,
578,spices,drinks,fruit,spices,fruit,checkout,,,,,,,,
579,spices,checkout,,,,,,,,,,,,
580,spices,dairy,checkout,,,,,,,,,,,
581,dairy,fruit,dairy,checkout,,,,,,,,,,
582,fruit,spices,dairy,drinks,checkout,,,,,,,,,
583,drinks,fruit,drinks,checkout,,,,,,,,,,
584,fruit,spices,checkout,,,,,,,,,,,
585,drinks,fruit,checkout,,,,,,,,,,,
586,fruit,checkout,,,,,,,,,,,,
587,fruit,checkout,,,,,,,,,,,,
588,spices,checkout,,,,,,,,,,,,
589,spices,fruit,spices,fruit,dairy,checkout,,,,,,,,
590,drinks,fruit,checkout,,,,,,,,,,,
591,drinks,spices,fruit,checkout,,,,,,,,,,
592,fruit,checkout,,,,,,,,,,,,
593,drinks,checkout,,,,,,,,,,,,
594,spices,dairy,fruit,checkout,,,,,,,,,,
595,drinks,fruit,checkout,,,,,,,,,,,
596,dairy,fruit,drinks,fruit,checkout,,,,,,,,,
597,dairy,fruit,dairy,checkout,,,,,,,,,,
598,fruit,checkout,,,,,,,,,,,,
599,drinks,checkout,,,,,,,,,,,,
600,drinks,checkout,,,,,,,,,,,,
601,drinks,checkout,,,,,,,,,,,,
602,fruit,dairy,checkout,,,,,,,,,,,
603,dairy,checkout,,,,,,,,,,,,
604,fruit,dairy,fruit,checkout,,,,,,,,,,
605,drinks,fruit,checkout,,,,,,,,,,,
606,spices,fruit,checkout,,,,,,,,,,,
607,spices,drinks,spices,fruit,dairy,spices,drinks,checkout,,,,,,
608,fruit,checkout,,,,,,,,,,,,
609,spices,drinks,fruit,checkout,,,,,,,,,,
610,drinks,checkout,,,,,,,,,,,,
611,drinks,spices,fruit,checkout,,,,,,,,,,
612,fruit,checkout,,,,,,,,,,,,
613,drinks,fruit,dairy,checkout,,,,,,,,,,
614,spices,drinks,fruit,checkout,,,,,,,,,,
615,dairy,drinks,checkout,,,,,,,,,,,
616,fruit,dairy,checkout,,,,,,,,,,,
617,drinks,checkout,,,,,,,,,,,,
618,spices,drinks,checkout,,,,,,,,,,,
619,drinks,checkout,,,,,,,,,,,,
620,fruit,checkout,,,,,,,,,,,,
621,fruit,checkout,,,,,,,,,,,,
622,dairy,checkout,,,,,,,,,,,,
623,drinks,fruit,drinks,fruit,checkout,,,,,,,,,
624,drinks,checkout,,,,,,,,,,,,
625,drinks,checkout,,,,,,,,,,,,
626,dairy,drinks,checkout,,,,,,,,,,,
627,drinks,fruit,checkout,,,,,,,,,,,
628,dairy,checkout,,,,,,,,,,,,
629,fruit,checkout,,,,,,,,,,,,
630,dairy,drinks,checkout,,,,,,,,,,,
631,spices,fruit,spices,fruit,checkout,,,,,,,,,
632,dairy,drinks,checkout,,,,,,,,,,,
633,drinks,checkout,,,,,,,,,,,,
634,spices,checkout,,,,,,,,,,,,
635,fruit,drinks,checkout,,,,,,,,,,,
636,fruit,drinks,fruit,dairy,fruit,dairy,checkout,,,,,,,
637,spices,fruit,checkout,,,,,,,,,,,
638,drinks,checkout,,,,,,,,,,,,
639,drinks,checkout,,,,,,,,,,,,
640,spices,dairy,fruit,checkout,,,,,,,,,,
641,spices,drinks,spices,fruit,checkout,,,,,,,,,
642,spices,dairy,fruit,dairy,checkout,,,,,,,,,
643,drinks,fruit,checkout,,,,,,,,,,,
644,drinks,checkout,,,,,,,,,,,,
645,fruit,checkout,,,,,,,,,,,,
646,spices,fruit,spices,drinks,fruit,dairy,checkout,,,,,,,
647,fruit,checkout,,,,,,,,,,,,
648,drinks,checkout,,,,,,,,,,,,
649,drinks,checkout,,,,,,,,,,,,
650,drinks,checkout,,,,,,,,,,,,
651,spices,checkout,,,,,,,,,,,,
652,spices,fruit,checkout,,,,,,,,,,,
653,drinks,checkout,,,,,,,,,,,,
654,dairy,drinks,fruit,checkout,,,,,,,,,,
655,drinks,fruit,checkout,,,,,,,,,,,
656,drinks,fruit,checkout,,,,,,,,,,,
657,fruit,dairy,fruit,checkout,,,,,,,,,,
658,dairy,drinks,checkout,,,,,,,,,,,
659,spices,drinks,spices,checkout,,,,,,,,,,
660,dairy,drinks,spices,checkout,,,,,,,,,,
661,drinks,checkout,,,,,,,,,,,,
662,drinks,checkout,,,,,,,,,,,,
663,spices,drinks,checkout,,,,,,,,,,,
664,dairy,checkout,,,,,,,,,,,,
665,dairy,drinks,fruit,checkout,,,,,,,,,,
666,dairy,checkout,,,,,,,,,,,,
667,drinks,fruit,dairy,checkout,,,,,,,,,,
668,dairy,fruit,checkout,,,,,,,,,,,
669,drinks,fruit,checkout,,,,,,,,,,,
670,dairy,checkout,,,,,,,,,,,,
671,fruit,checkout,,,,,,,,,,,,
672,dairy,fruit,checkout,,,,,,,,,,,
673,dairy,checkout,,,,,,,,,,,,
674,fruit,checkout,,,,,,,,,,,,
675,fruit,checkout,,,,,,,,,,,,
676,fruit,checkout,,,,,,,,,,,,
677,fruit,checkout,,,,,,,,,,,,
678,spices,fruit,checkout,,,,,,,,,,,
679,spices,fruit,drinks,checkout,,,,,,,,,,
680,dairy,checkout,,,,,,,,,,,,
681,fruit,drinks,checkout,,,,,,,,,,,
682,fruit,dairy,spices,fruit,checkout,,,,,,,,,
683,dairy,drinks,fruit,dairy,drinks,checkout,,,,,,,,
684,fruit,checkout,,,,,,,,,,,,
685,drinks,fruit,checkout,,,,,,,,,,,
686,fruit,dairy,drinks,checkout,,,,,,,,,,
687,drinks,checkout,,,,,,,,,,,,
688,drinks,spices,fruit,dairy,fruit,drinks,spices,dairy,checkout,,,,,
689,drinks,fruit,drinks,checkout,,,,,,,,,,
690,drinks,spices,checkout,,,,,,,,,,,
691,drinks,fruit,dairy,checkout,,,,,,,,,,
692,spices,dairy,checkout,,,,,,,,,,,
693,drinks,checkout,,,,,,,,,,,,
694,dairy,drinks,checkout,,,,,,,,,,,
695,spices,drinks,checkout,,,,,,,,,,,
696,fruit,checkout,,,,,,,,,,,,
697,fruit,checkout,,,,,,,,,,,,
698,drinks,checkout,,,,,,,,,,,,
699,drinks,checkout,,,,,,,,,,,,
700,drinks,checkout,,,,,,,,,,,,
701,dairy,drinks,checkout,,,,,,,,,,,
702,spices,fruit,checkout,,,,,,,,,,,
703,drinks,checkout,,,,,,,,,,,,
704,drinks,checkout,,,,,,,,,,,,
705,drinks,checkout,,,,,,,,,,,,
706,drinks,fruit,checkout,,,,,,,,,,,
707,fruit,checkout,,,,,,,,,,,,
708,spices,fruit,checkout,,,,,,,,,,,
709,drinks,checkout,,,,,,,,,,,,
710,drinks,spices,checkout,,,,,,,,,,,
711,dairy,checkout,,,,,,,,,,,,
712,fruit,checkout,,,,,,,,,,,,
713,dairy,checkout,,,,,,,,,,,,
714,dairy,checkout,,,,,,,,,,,,
715,drinks,fruit,checkout,,,,,,,,,,,
716,drinks,checkout,,,,,,,,,,,,
717,spices,checkout,,,,,,,,,,,,
718,fruit,checkout,,,,,,,,,,,,
719,spices,drinks,fruit,checkout,,,,,,,,,,
720,spices,dairy,drinks,checkout,,,,,,,,,,
721,spices,fruit,spices,drinks,spices,drinks,checkout,,,,,,,
722,spices,checkout,,,,,,,,,,,,
723,dairy,drinks,checkout,,,,,,,,,,,
724,drinks,fruit,drinks,checkout,,,,,,,,,,
725,dairy,checkout,,,,,,,,,,,,
726,fruit,checkout,,,,,,,,,,,,
727,dairy,fruit,checkout,,,,,,,,,,,
728,drinks,checkout,,,,,,,,,,,,
729,dairy,checkout,,,,,,,,,,,,
730,drinks,fruit,checkout,,,,,,,,,,,
731,drinks,checkout,,,,,,,,,,,,
732,drinks,checkout,,,,,,,,,,,,
733,dairy,checkout,,,,,,,,,,,,
734,spices,dairy,spices,checkout,,,,,,,,,,
735,fruit,checkout,,,,,,,,,,,,
736,fruit,dairy,fruit,drinks,checkout,,,,,,,,,
737,drinks,spices,drinks,fruit,spices,fruit,dairy,checkout,,,,,,
738,drinks,checkout,,,,,,,,,,,,
739,fruit,checkout,,,,,,,,,,,,
740,fruit,dairy,drinks,fruit,checkout,,,,,,,,,
741,drinks,checkout,,,,,,,,,,,,
742,drinks,spices,checkout,,,,,,,,,,,
743,dairy,checkout,,,,,,,,,,,,
744,drinks,fruit,checkout,,,,,,,,,,,
745,drinks,fruit,dairy,fruit,dairy,checkout,,,,,,,,
746,dairy,fruit,dairy,drinks,checkout,,,,,,,,,
747,fruit,dairy,fruit,checkout,,,,,,,,,,
748,drinks,fruit,checkout,,,,,,,,,,,
749,drinks,spices,checkout,,,,,,,,,,,
750,spices,drinks,fruit,dairy,drinks,checkout,,,,,,,,
751,spices,fruit,dairy,drinks,checkout,,,,,,,,,
752,spices,drinks,checkout,,,,,,,,,,,
753,spices,dairy,drinks,checkout,,,,,,,,,,
754,spices,drinks,fruit,checkout,,,,,,,,,,
755,dairy,checkout,,,,,,,,,,,,
756,dairy,drinks,checkout,,,,,,,,,,,
757,drinks,checkout,,,,,,,,,,,,
758,dairy,checkout,,,,,,,,,,,,
759,fruit,checkout,,,,,,,,,,,,
760,spices,fruit,drinks,checkout,,,,,,,,,,
761,dairy,drinks,fruit,checkout,,,,,,,,,,
762,fruit,dairy,checkout,,,,,,,,,,,
763,fruit,checkout,,,,,,,,,,,,
764,fruit,checkout,,,,,,,,,,,,
765,dairy,drinks,fruit,checkout,,,,,,,,,,
766,drinks,spices,checkout,,,,,,,,,,,
767,dairy,fruit,checkout,,,,,,,,,,,
768,drinks,checkout,,,,,,,,,,,,
769,spices,fruit,dairy,drinks,fruit,dairy,checkout,,,,,,,
770,drinks,spices,drinks,checkout,,,,,,,,,,
771,fruit,checkout,,,,,,,,,,,,
772,spices,drinks,spices,fruit,checkout,,,,,,,,,
773,spices,drinks,fruit,dairy,checkout,,,,,,,,,
774,dairy,checkout,,,,,,,,,,,,
775,spices,fruit,dairy,spices,checkout,,,,,,,,,
776,drinks,checkout,,,,,,,,,,,,
777,drinks,fruit,drinks,checkout,,,,,,,,,,
778,drinks,checkout,,,,,,,,,,,,
779,drinks,fruit,checkout,,,,,,,,,,,
780,dairy,checkout,,,,,,,,,,,,
781,fruit,checkout,,,,,,,,,,,,
782,spices,fruit,checkout,,,,,,,,,,,
783,spices,dairy,fruit,checkout,,,,,,,,,,
784,spices,fruit,checkout,,,,,,,,,,,
785,spices,drinks,checkout,,,,,,,,,,,
786,fruit,checkout,,,,,,,,,,,,
787,fruit,checkout,,,,,,,,,,,,
788,dairy,drinks,checkout,,,,,,,,,,,
789,spices,dairy,checkout,,,,,,,,,,,
790,drinks,checkout,,,,,,,,,,,,
791,fruit,spices,drinks,checkout,,,,,,,,,,
792,drinks,checkout,,,,,,,,,,,,
793,fruit,dairy,fruit,dairy,drinks,checkout,,,,,,,,
794,spices,fruit,dairy,checkout,,,,,,,,,,
795,dairy,spices,fruit,dairy,checkout,,,,,,,,,
796,drinks,checkout,,,,,,,,,,,,
797,drinks,fruit,checkout,,,,,,,,,,,
798,dairy,checkout,,,,,,,,,,,,
799,drinks,spices,drinks,checkout,,,,,,,,,,
800,fruit,dairy,drinks,fruit,checkout,,,,,,,,,
801,dairy,checkout,,,,,,,,,,,,
802,drinks,checkout,,,,,,,,,,,,
803,dairy,checkout,,,,,,,,,,,,
804,drinks,checkout,,,,,,,,,,,,
805,dairy,fruit,checkout,,,,,,,,,,,
806,dairy,fruit,spices,fruit,checkout,,,,,,,,,
807,dairy,checkout,,,,,,,,,,,,
808,spices,dairy,fruit,checkout,,,,,,,,,,
809,fruit,checkout,,,,,,,,,,,,
810,spices,drinks,fruit,drinks,fruit,checkout,,,,,,,,
811,spices,fruit,drinks,checkout,,,,,,,,,,
812,dairy,fruit,dairy,checkout,,,,,,,,,,
813,spices,dairy,fruit,drinks,checkout,,,,,,,,,
814,drinks,fruit,checkout,,,,,,,,,,,
815,drinks,fruit,dairy,fruit,spices,drinks,checkout,,,,,,,
816,spices,fruit,dairy,checkout,,,,,,,,,,
817,fruit,dairy,drinks,checkout,,,,,,,,,,
818,drinks,spices,fruit,checkout,,,,,,,,,,
819,drinks,checkout,,,,,,,,,,,,
820,spices,drinks,checkout,,,,,,,,,,,
821,drinks,spices,dairy,spices,dairy,checkout,,,,,,,,
822,dairy,drinks,checkout,,,,,,,,,,,
823,spices,fruit,drinks,fruit,drinks,fruit,checkout,,,,,,,
824,spices,fruit,checkout,,,,,,,,,,,
825,dairy,checkout,,,,,,,,,,,,
826,drinks,checkout,,,,,,,,,,,,
827,dairy,checkout,,,,,,,,,,,,
828,fruit,checkout,,,,,,,,,,,,
829,dairy,fruit,checkout,,,,,,,,,,,
830,fruit,dairy,fruit,checkout,,,,,,,,,,
831,drinks,checkout,,,,,,,,,,,,
832,dairy,fruit,spices,checkout,,,,,,,,,,
833,drinks,spices,fruit,drinks,checkout,,,,,,,,,
834,spices,dairy,checkout,,,,,,,,,,,
835,dairy,checkout,,,,,,,,,,,,
836,spices,fruit,checkout,,,,,,,,,,,
837,drinks,spices,fruit,drinks,spices,drinks,checkout,,,,,,,
838,dairy,fruit,drinks,checkout,,,,,,,,,,
839,dairy,checkout,,,,,,,,,,,,
840,drinks,checkout,,,,,,,,,,,,
841,dairy,checkout,,,,,,,,,,,,
842,dairy,checkout,,,,,,,,,,,,
843,dairy,checkout,,,,,,,,,,,,
844,drinks,fruit,checkout,,,,,,,,,,,
845,fruit,spices,fruit,drinks,spices,checkout,,,,,,,,
846,drinks,spices,fruit,dairy,checkout,,,,,,,,,
847,dairy,spices,fruit,spices,fruit,drinks,checkout,,,,,,,
848,spices,drinks,checkout,,,,,,,,,,,
849,dairy,drinks,checkout,,,,,,,,,,,
850,drinks,checkout,,,,,,,,,,,,
851,spices,dairy,checkout,,,,,,,,,,,
852,fruit,checkout,,,,,,,,,,,,
853,dairy,checkout,,,,,,,,,,,,
854,spices,fruit,dairy,checkout,,,,,,,,,,
855,spices,drinks,checkout,,,,,,,,,,,
856,dairy,spices,checkout,,,,,,,,,,,
857,fruit,dairy,fruit,dairy,drinks,checkout,,,,,,,,
858,fruit,checkout,,,,,,,,,,,,
859,drinks,fruit,dairy,spices,fruit,checkout,,,,,,,,
860,fruit,drinks,checkout,,,,,,,,,,,
861,drinks,checkout,,,,,,,,,,,,
862,fruit,checkout,,,,,,,,,,,,
863,drinks,checkout,,,,,,,,,,,,
864,drinks,checkout,,,,,,,,,,,,
865,drinks,fruit,checkout,,,,,,,,,,,
866,drinks,checkout,,,,,,,,,,,,
867,fruit,drinks,checkout,,,,,,,,,,,
868,dairy,drinks,checkout,,,,,,,,,,,
869,spices,dairy,drinks,fruit,checkout,,,,,,,,,
870,spices,dairy,drinks,checkout,,,,,,,,,,
871,drinks,fruit,spices,drinks,fruit,checkout,,,,,,,,
872,dairy,spices,dairy,drinks,checkout,,,,,,,,,
873,drinks,checkout,,,,,,,,,,,,
874,spices,checkout,,,,,,,,,,,,
875,drinks,spices,fruit,dairy,checkout,,,,,,,,,
876,fruit,checkout,,,,,,,,,,,,
877,fruit,spices,dairy,drinks,spices,fruit,checkout,,,,,,,
878,fruit,checkout,,,,,,,,,,,,
879,fruit,checkout,,,,,,,,,,,,
880,fruit,checkout,,,,,,,,,,,,
881,drinks,checkout,,,,,,,,,,,,
882,fruit,dairy,fruit,checkout,,,,,,,,,,
883,dairy,checkout,,,,,,,,,,,,
884,drinks,fruit,checkout,,,,,,,,,,,
885,dairy,checkout,,,,,,,,,,,,
886,spices,checkout,,,,,,,,,,,,
887,fruit,checkout,,,,,,,,,,,,
888,dairy,spices,fruit,dairy,checkout,,,,,,,,,
889,drinks,checkout,,,,,,,,,,,,
890,fruit,drinks,spices,fruit,checkout,,,,,,,,,
891,spices,fruit,checkout,,,,,,,,,,,
892,fruit,dairy,checkout,,,,,,,,,,,
893,fruit,dairy,drinks,checkout,,,,,,,,,,
894,drinks,fruit,dairy,checkout,,,,,,,,,,
895,drinks,checkout,,,,,,,,,,,,
896,drinks,fruit,checkout,,,,,,,,,,,
897,spices,drinks,fruit,checkout,,,,,,,,,,
898,drinks,fruit,checkout,,,,,,,,,,,
899,fruit,drinks,checkout,,,,,,,,,,,
